Course,Mark and Side x 10,,,Card,CC4,Thu_Red,,,,,Mark x 10,,,,,,,,,,Side x 10,,,,,,,,,last
A1,Np,Vp,Tp,Vp,Tp,Rp,Np,Rp,,,N,V,T,V,T,R,N,R,,,p,p,p,p,p,p,p,p,,
A2,Np,Vp,Tp,Vp,Tp,Rp,Yp,Rp,,,N,V,T,V,T,R,Y,R,,,p,p,p,p,p,p,p,p,,
A3,Np,Vp,Tp,Rp,Np,Rp,,,,,N,V,T,R,N,R,,,,,p,p,p,p,p,p,,,,
A4,Np,Rp,Np,Rp,,,,,,,N,R,N,R,,,,,,,p,p,p,p,,,,,,
A5,Np,Rp,Yp,Rp,,,,,,,N,R,Y,R,,,,,,,p,p,p,p,,,,,,
A6,Np,Wp,Rp,Np,Rp,,,,,,N,W,R,N,R,,,,,,p,p,p,p,p,,,,,
A7,Np,Wp,Rp,Yp,Rp,,,,,,N,W,R,Y,R,,,,,,p,p,p,p,p,,,,,
A8,Np,Wp,Rp,,,,,,,,N,W,R,,,,,,,,p,p,p,,,,,,,
B1,Sp,Np,Tp,Np,Tp,Rp,Sp,Rp,,,S,N,T,N,T,R,S,R,,,p,p,p,p,p,p,p,p,,
B2,Sp,Np,Tp,Np,Tp,Rp,Yp,Rp,,,S,N,T,N,T,R,Y,R,,,p,p,p,p,p,p,p,p,,
B3,Sp,Np,Tp,Rp,Sp,Rp,,,,,S,N,T,R,S,R,,,,,p,p,p,p,p,p,,,,
B4,Sp,Np,Tp,Np,Tp,Rp,,,,,S,N,T,N,T,R,,,,,p,p,p,p,p,p,,,,
B5,Sp,Np,Tp,Rp,,,,,,,S,N,T,R,,,,,,,p,p,p,p,,,,,,
B6,Sp,Vp,Rp,Sp,Rp,,,,,,S,V,R,S,R,,,,,,p,p,p,p,p,,,,,
B7,Sp,Vp,Wp,Vp,Wp,Rp,,,,,S,V,W,V,W,R,,,,,p,p,p,p,p,p,,,,
B8,Sp,Wp,Rp,,,,,,,,S,W,R,,,,,,,,p,p,p,,,,,,,
C1,Sp,Np,Wp,Np,Wp,Tp,Sp,Tp,,,S,N,W,N,W,T,S,T,,,p,p,p,p,p,p,p,p,,
C2,Sp,Np,Wp,Np,Wp,Tp,Yp,Tp,,,S,N,W,N,W,T,Y,T,,,p,p,p,p,p,p,p,p,,
C3,Sp,Np,Wp,Tp,Sp,Tp,,,,,S,N,W,T,S,T,,,,,p,p,p,p,p,p,,,,
C4,Sp,Tp,Sp,Tp,,,,,,,S,T,S,T,,,,,,,p,p,p,p,,,,,,
C5,Sp,Tp,Yp,Tp,,,,,,,S,T,Y,T,,,,,,,p,p,p,p,,,,,,
C6,Sp,Vp,Tp,Sp,Tp,,,,,,S,V,T,S,T,,,,,,p,p,p,p,p,,,,,
C7,Sp,Vp,Tp,Yp,Tp,,,,,,S,V,T,Y,T,,,,,,p,p,p,p,p,,,,,
C8,Sp,Vp,Tp,,,,,,,,S,V,T,,,,,,,,p,p,p,,,,,,,
D1,Pp,Sp,Wp,Sp,Wp,Tp,Pp,Tp,,,P,S,W,S,W,T,P,T,,,p,p,p,p,p,p,p,p,,
D2,Pp,Sp,Wp,Sp,Wp,Tp,Yp,Tp,,,P,S,W,S,W,T,Y,T,,,p,p,p,p,p,p,p,p,,
D3,Pp,Sp,Wp,Tp,Pp,Tp,,,,,P,S,W,T,P,T,,,,,p,p,p,p,p,p,,,,
D4,Pp,Tp,Pp,Tp,,,,,,,P,T,P,T,,,,,,,p,p,p,p,,,,,,
D5,Pp,Tp,Yp,Tp,,,,,,,P,T,Y,T,,,,,,,p,p,p,p,,,,,,
D6,Pp,Np,Tp,Pp,Tp,,,,,,P,N,T,P,T,,,,,,p,p,p,p,p,,,,,
D7,Pp,Np,Tp,Yp,Tp,,,,,,P,N,T,Y,T,,,,,,p,p,p,p,p,,,,,
D8,Pp,Np,Tp,,,,,,,,P,N,T,,,,,,,,p,p,p,,,,,,,
E1,Pp,Sp,Vp,Sp,Vp,Wp,Pp,Wp,,,P,S,V,S,V,W,P,W,,,p,p,p,p,p,p,p,p,,
E2,Pp,Sp,Vp,Sp,Vp,Wp,Yp,Wp,,,P,S,V,S,V,W,Y,W,,,p,p,p,p,p,p,p,p,,
E3,Pp,Sp,Vp,Wp,Pp,Wp,,,,,P,S,V,W,P,W,,,,,p,p,p,p,p,p,,,,
E4,Pp,Wp,Pp,Wp,,,,,,,P,W,P,W,,,,,,,p,p,p,p,,,,,,
E5,Pp,Wp,Yp,Wp,,,,,,,P,W,Y,W,,,,,,,p,p,p,p,,,,,,
E6,Pp,Np,Wp,Pp,Wp,,,,,,P,N,W,P,W,,,,,,p,p,p,p,p,,,,,
E7,Pp,Np,Wp,Yp,Wp,,,,,,P,N,W,Y,W,,,,,,p,p,p,p,p,,,,,
E8,Pp,Np,Wp,,,,,,,,P,N,W,,,,,,,,p,p,p,,,,,,,
F1,Qp,Pp,Vp,Pp,Vp,Wp,Qp,Wp,,,Q,P,V,P,V,W,Q,W,,,p,p,p,p,p,p,p,p,,
F2,Qp,Pp,Vp,Pp,Vp,Wp,Yp,Wp,,,Q,P,V,P,V,W,Y,W,,,p,p,p,p,p,p,p,p,,
F3,Qp,Pp,Vp,Wp,Qp,Wp,,,,,Q,P,V,W,Q,W,,,,,p,p,p,p,p,p,,,,
F4,Qp,Wp,Qp,Wp,,,,,,,Q,W,Q,W,,,,,,,p,p,p,p,,,,,,
F5,Qp,Wp,Tp,Wp,,,,,,,Q,W,T,W,,,,,,,p,p,p,p,,,,,,
F6,Qp,Sp,Wp,Qp,Wp,,,,,,Q,S,W,Q,W,,,,,,p,p,p,p,p,,,,,
F7,Qp,Sp,Wp,Yp,Wp,,,,,,Q,S,W,Y,W,,,,,,p,p,p,p,p,,,,,
F8,Qp,Sp,Wp,,,,,,,,Q,S,W,,,,,,,,p,p,p,,,,,,,
G1,Qp,Pp,Np,Pp,Np,Vp,Qp,Vp,,,Q,P,N,P,N,V,Q,V,,,p,p,p,p,p,p,p,p,,
G2,Qp,Pp,Np,Pp,Np,Vp,Yp,Vp,,,Q,P,N,P,N,V,Y,V,,,p,p,p,p,p,p,p,p,,
G3,Qp,Pp,Np,Vp,Qp,Vp,,,,,Q,P,N,V,Q,V,,,,,p,p,p,p,p,p,,,,
G4,Qp,Vp,Qp,Vp,,,,,,,Q,V,Q,V,,,,,,,p,p,p,p,,,,,,
G5,Qp,Vp,Yp,Vp,,,,,,,Q,V,Y,V,,,,,,,p,p,p,p,,,,,,
G6,Qp,Sp,Vp,Qp,Vp,,,,,,Q,S,V,Q,V,,,,,,p,p,p,p,p,,,,,
G7,Qp,Sp,Vp,Yp,Vp,,,,,,Q,S,V,Y,V,,,,,,p,p,p,p,p,,,,,
G8,Qp,Sp,Vp,,,,,,,,Q,S,V,,,,,,,,p,p,p,,,,,,,
H1,Rp,Qp,Np,Qp,Np,Vp,Rp,Vp,,,R,Q,N,Q,N,V,R,V,,,p,p,p,p,p,p,p,p,,
H2,Rp,Qp,Np,Qp,Np,Vp,Yp,Vp,,,R,Q,N,Q,N,V,Y,V,,,p,p,p,p,p,p,p,p,,
H3,Rp,Qp,Np,Vp,Rp,Vp,,,,,R,Q,N,V,R,V,,,,,p,p,p,p,p,p,,,,
H4,Rp,Vp,Rp,Vp,,,,,,,R,V,R,V,,,,,,,p,p,p,p,,,,,,
H5,Rp,Vp,Yp,Vp,,,,,,,R,V,Y,V,,,,,,,p,p,p,p,,,,,,
H6,Rp,Sp,Vp,Rp,Vp,,,,,,R,S,V,R,V,,,,,,p,p,p,p,p,,,,,
H7,Rp,Sp,Vp,Yp,Vp,,,,,,R,S,V,Y,V,,,,,,p,p,p,p,p,,,,,
H8,Rp,Sp,Vp,,,,,,,,R,S,V,,,,,,,,p,p,p,,,,,,,
J1,Rp,Qp,Sp,Qp,Sp,Np,Rp,Np,,,R,Q,S,Q,S,N,R,N,,,p,p,p,p,p,p,p,p,,
J2,Rp,Qp,Sp,Qp,Sp,Np,Yp,Np,,,R,Q,S,Q,S,N,Y,N,,,p,p,p,p,p,p,p,p,,
J3,Rp,Qp,Sp,Np,Rp,Np,,,,,R,Q,S,N,R,N,,,,,p,p,p,p,p,p,,,,
J4,Rp,Np,Rp,Np,,,,,,,R,N,R,N,,,,,,,p,p,p,p,,,,,,
J5,Rp,Np,Yp,Np,,,,,,,R,N,Y,N,,,,,,,p,p,p,p,,,,,,
J6,Rp,Pp,Np,Rp,Np,,,,,,R,P,N,R,N,,,,,,p,p,p,p,p,,,,,
J7,Rp,Pp,Np,Yp,Np,,,,,,R,P,N,Y,N,,,,,,p,p,p,p,p,,,,,
J8,Rp,Pp,Np,,,,,,,,R,P,N,,,,,,,,p,p,p,,,,,,,
K1,Tp,Rp,Sp,Rp,Sp,Np,Tp,Np,,,T,R,S,R,S,N,T,N,,,p,p,p,p,p,p,p,p,,
K2,Tp,Rp,Sp,Rp,Sp,Np,Yp,Np,,,T,R,S,R,S,N,Y,N,,,p,p,p,p,p,p,p,p,,
K3,Tp,Rp,Sp,Np,Tp,Np,,,,,T,R,S,N,T,N,,,,,p,p,p,p,p,p,,,,
K4,Tp,Np,Tp,Np,,,,,,,T,N,T,N,,,,,,,p,p,p,p,,,,,,
K5,Tp,Np,Yp,Np,,,,,,,T,N,Y,N,,,,,,,p,p,p,p,,,,,,
K6,Tp,Pp,Np,Tp,Np,,,,,,T,P,N,T,N,,,,,,p,p,p,p,p,,,,,
K7,Tp,Pp,Np,Yp,Np,,,,,,T,P,N,Y,N,,,,,,p,p,p,p,p,,,,,
K8,Tp,Pp,Np,,,,,,,,T,P,N,,,,,,,,p,p,p,,,,,,,
L1,Tp,Rp,Pp,Rp,Pp,Sp,Tp,Sp,,,T,R,P,R,P,S,T,S,,,p,p,p,p,p,p,p,p,,
L2,Tp,Rp,Pp,Rp,Pp,Sp,Yp,Sp,,,T,R,P,R,P,S,Y,S,,,p,p,p,p,p,p,p,p,,
L3,Tp,Rp,Pp,Sp,Tp,Sp,,,,,T,R,P,S,T,S,,,,,p,p,p,p,p,p,,,,
L4,Tp,Sp,Tp,Sp,,,,,,,T,S,T,S,,,,,,,p,p,p,p,,,,,,
L5,Tp,Sp,Yp,Sp,,,,,,,T,S,Y,S,,,,,,,p,p,p,p,,,,,,
L6,Tp,Qp,Sp,Tp,Sp,,,,,,T,Q,S,T,S,,,,,,p,p,p,p,p,,,,,
L7,Tp,Qp,Sp,Yp,Sp,,,,,,T,Q,S,Y,S,,,,,,p,p,p,p,p,,,,,
L8,Tp,Qp,Sp,,,,,,,,T,Q,S,,,,,,,,p,p,p,,,,,,,
M1,Wp,Tp,Pp,Tp,Pp,Sp,Wp,Sp,,,W,T,P,T,P,S,W,S,,,p,p,p,p,p,p,p,p,,
M2,Wp,Tp,Pp,Tp,Pp,Sp,Yp,Sp,,,W,T,P,T,P,S,Y,S,,,p,p,p,p,p,p,p,p,,
M3,Wp,Tp,Pp,Sp,Wp,Sp,,,,,W,T,P,S,W,S,,,,,p,p,p,p,p,p,,,,
M4,Wp,Sp,Wp,Sp,,,,,,,W,S,W,S,,,,,,,p,p,p,p,,,,,,
M5,Wp,Sp,Yp,Sp,,,,,,,W,S,Y,S,,,,,,,p,p,p,p,,,,,,
M6,Wp,Qp,Sp,Wp,Sp,,,,,,W,Q,S,W,S,,,,,,p,p,p,p,p,,,,,
M7,Wp,Qp,Sp,Yp,Sp,,,,,,W,Q,S,Y,S,,,,,,p,p,p,p,p,,,,,
M8,Wp,Qp,Sp,,,,,,,,W,Q,S,,,,,,,,p,p,p,,,,,,,
N1,Wp,Tp,Qp,Tp,Qp,Pp,Wp,Pp,,,W,T,Q,T,Q,P,W,P,,,p,p,p,p,p,p,p,p,,
N2,Wp,Tp,Qp,Tp,Qp,Pp,Yp,Pp,,,W,T,Q,T,Q,P,Y,P,,,p,p,p,p,p,p,p,p,,
N3,Wp,Tp,Qp,Pp,Wp,Pp,,,,,W,T,Q,P,W,P,,,,,p,p,p,p,p,p,,,,
N4,Wp,Pp,Wp,Pp,,,,,,,W,P,W,P,,,,,,,p,p,p,p,,,,,,
N5,Wp,Pp,Yp,Pp,,,,,,,W,P,Y,P,,,,,,,p,p,p,p,,,,,,
N6,Wp,Rp,Pp,Wp,Pp,,,,,,W,R,P,W,P,,,,,,p,p,p,p,p,,,,,
N7,Wp,Rp,Pp,Yp,Pp,,,,,,W,R,P,Y,P,,,,,,p,p,p,p,p,,,,,
N8,Wp,Rp,Pp,,,,,,,,W,R,P,,,,,,,,p,p,p,,,,,,,
P1,Vp,Wp,Qp,Wp,Qp,Pp,Vp,Pp,,,V,W,Q,W,Q,P,V,P,,,p,p,p,p,p,p,p,p,,
P2,Vp,Wp,Qp,Wp,Qp,Pp,Yp,Pp,,,V,W,Q,W,Q,P,Y,P,,,p,p,p,p,p,p,p,p,,
P3,Vp,Wp,Qp,Pp,Vp,Pp,,,,,V,W,Q,P,V,P,,,,,p,p,p,p,p,p,,,,
P4,Vp,Pp,Vp,Pp,,,,,,,V,P,V,P,,,,,,,p,p,p,p,,,,,,
P5,Vp,Pp,Yp,Pp,,,,,,,V,P,Y,P,,,,,,,p,p,p,p,,,,,,
P6,Vp,Tp,Pp,Vp,Pp,,,,,,V,T,P,V,P,,,,,,p,p,p,p,p,,,,,
P7,Vp,Tp,Pp,Yp,Pp,,,,,,V,T,P,Y,P,,,,,,p,p,p,p,p,,,,,
P8,Vp,Tp,Pp,,,,,,,,V,T,P,,,,,,,,p,p,p,,,,,,,
Q1,Vp,Wp,Rp,Wp,Rp,Qp,Vp,Qp,,,V,W,R,W,R,Q,V,Q,,,p,p,p,p,p,p,p,p,,
Q2,Vp,Wp,Rp,Wp,Rp,Qp,Yp,Qp,,,V,W,R,W,R,Q,Y,Q,,,p,p,p,p,p,p,p,p,,
Q3,Vp,Wp,Rp,Wp,Rp,Qp,,,,,V,W,R,W,R,Q,,,,,p,p,p,p,p,p,,,,
Q4,Vp,Qp,Vp,Qp,,,,,,,V,Q,V,Q,,,,,,,p,p,p,p,,,,,,
Q5,Vp,Qp,Yp,Qp,,,,,,,V,Q,Y,Q,,,,,,,p,p,p,p,,,,,,
Q6,Vp,Tp,Qp,Vp,Qp,,,,,,V,T,Q,V,Q,,,,,,p,p,p,p,p,,,,,
Q7,Vp,Tp,Qp,Yp,Qp,,,,,,V,T,Q,Y,Q,,,,,,p,p,p,p,p,,,,,
Q8,Vp,Tp,Qp,,,,,,,,V,T,Q,,,,,,,,p,p,p,,,,,,,
R1,Np,Vp,Rp,Vp,Rp,Qp,Np,Qp,,,N,V,R,V,R,Q,N,Q,,,p,p,p,p,p,p,p,p,,
R2,Np,Vp,Rp,Vp,Rp,Qp,Yp,Qp,,,N,V,R,V,R,Q,Y,Q,,,p,p,p,p,p,p,p,p,,
R3,Np,Vp,Rp,Qp,Np,Qp,,,,,N,V,R,Q,N,Q,,,,,p,p,p,p,p,p,,,,
R4,Np,Qp,Np,Qp,,,,,,,N,Q,N,Q,,,,,,,p,p,p,p,,,,,,
R5,Np,Qp,Yp,Qp,,,,,,,N,Q,Y,Q,,,,,,,p,p,p,p,,,,,,
R6,Np,Wp,Qp,Np,Qp,,,,,,N,W,Q,N,Q,,,,,,p,p,p,p,p,,,,,
R7,Np,Wp,Qp,Yp,Qp,,,,,,N,W,Q,Y,Q,,,,,,p,p,p,p,p,,,,,
R8,Np,Wp,Qp,,,,,,,,N,W,Q,,,,,,,,p,p,p,,,,,,,
