Course,Mark and Side x 10,,,Card,CC5,Tue_Hut,,,,,Mark x 10,,,,,,,,,,Side x 10,,,,,,,,,last
A1,Cs,Kp,Ep,Lp,Xp,,,,,,C,K,E,L,X,,,,,,s,p,p,p,p,,,,,
A2,Cs,Kp,Mp,Lp,Xp,,,,,,C,K,M,L,X,,,,,,s,p,p,p,p,,,,,
A3,Cs,Kp,Mp,Xp,,,,,,,C,K,M,X,,,,,,,s,p,p,p,,,,,,
A4,Cs,Bs,Ap,Xp,,,,,,,C,B,A,X,,,,,,,s,s,p,p,,,,,,
A5,Cs,Bs,Xp,,,,,,,,C,B,X,,,,,,,,s,s,p,,,,,,,
A6,,,,,,,,,,,,,,,,,,,,,,,,,,,,,,
A7,,,,,,,,,,,,,,,,,,,,,,,,,,,,,,
A8,,,,,,,,,,,,,,,,,,,,,,,,,,,,,,
B1,Mp,As,Ds,Xp,,,,,,,M,A,D,X,,,,,,,p,s,s,p,,,,,,
B2,Mp,As,Cs,Xp,,,,,,,M,A,C,X,,,,,,,p,s,s,p,,,,,,
B3,Mp,Ls,Cs,Xp,,,,,,,M,L,C,X,,,,,,,p,s,s,p,,,,,,
B4,Gp,Bp,Xp,,,,,,,,G,B,X,,,,,,,,p,p,p,,,,,,,
B5,Mp,Xp,,,,,,,,,M,X,,,,,,,,,p,p,,,,,,,,
B6,,,,,,,,,,,,,,,,,,,,,,,,,,,,,,
B7,,,,,,,,,,,,,,,,,,,,,,,,,,,,,,
B8,,,,,,,,,,,,,,,,,,,,,,,,,,,,,,
C1,Jp,Lp,Ap,Ms,Xp,,,,,,J,L,A,M,X,,,,,,p,p,p,s,p,,,,,
C2,Kp,Lp,Ap,Ms,Xp,,,,,,K,L,A,M,X,,,,,,p,p,p,s,p,,,,,
C3,Kp,Lp,Ap,Bs,Xp,,,,,,K,L,A,B,X,,,,,,p,p,p,s,p,,,,,
C4,Jp,Lp,Xp,,,,,,,,J,L,X,,,,,,,,p,p,p,,,,,,,
C5,Kp,Lp,Xp,,,,,,,,K,L,X,,,,,,,,p,p,p,,,,,,,
C6,,,,,,,,,,,,,,,,,,,,,,,,,,,,,,
C7,,,,,,,,,,,,,,,,,,,,,,,,,,,,,,
C8,,,,,,,,,,,,,,,,,,,,,,,,,,,,,,
D1,Jp,Ls,Cs,Fs,Xp,,,,,,J,L,C,F,X,,,,,,p,s,s,s,p,,,,,
D2,Jp,Ls,Ms,Ap,Xp,,,,,,J,L,M,A,X,,,,,,p,s,s,p,p,,,,,
D3,Jp,Ls,Cs,Ap,Xp,,,,,,J,L,C,A,X,,,,,,p,s,s,p,p,,,,,
D4,Kp,Ls,Bs,Ap,Xp,,,,,,K,L,B,A,X,,,,,,p,s,s,p,p,,,,,
D5,Kp,Ls,Bs,Xp,,,,,,,K,L,B,X,,,,,,,p,s,s,p,,,,,,
D6,,,,,,,,,,,,,,,,,,,,,,,,,,,,,,
D7,,,,,,,,,,,,,,,,,,,,,,,,,,,,,,
D8,,,,,,,,,,,,,,,,,,,,,,,,,,,,,,
E1,Sp,Ls,Js,Xp,,,,,,,S,L,J,X,,,,,,,p,s,s,p,,,,,,
E2,Np,Ls,Js,Xp,,,,,,,N,L,J,X,,,,,,,p,s,s,p,,,,,,
E3,Np,Bs,Js,Xp,,,,,,,N,B,J,X,,,,,,,p,s,s,p,,,,,,
E4,Np,Kp,Ap,Xp,,,,,,,N,K,A,X,,,,,,,p,p,p,p,,,,,,
E5,Vp,Kp,Ap,Xp,,,,,,,V,K,A,X,,,,,,,p,p,p,p,,,,,,
E6,,,,,,,,,,,,,,,,,,,,,,,,,,,,,,
E7,,,,,,,,,,,,,,,,,,,,,,,,,,,,,,
E8,,,,,,,,,,,,,,,,,,,,,,,,,,,,,,
F1,Vp,Cs,Js,Lp,Hs,Xp,,,,,V,C,J,L,H,X,,,,,p,s,s,p,s,p,,,,
F2,Vp,Kp,Lp,Ns,Xp,,,,,,V,K,L,N,X,,,,,,p,p,p,s,p,,,,,
F3,Vp,Bs,Ns,Xp,,,,,,,V,B,N,X,,,,,,,p,s,s,p,,,,,,
F4,Vp,Kp,Lp,Hs,Xp,,,,,,V,K,L,H,X,,,,,,p,p,p,s,p,,,,,
F5,Vp,Lp,Xp,,,,,,,,V,L,X,,,,,,,,p,p,p,,,,,,,
F6,,,,,,,,,,,,,,,,,,,,,,,,,,,,,,
F7,,,,,,,,,,,,,,,,,,,,,,,,,,,,,,
F8,,,,,,,,,,,,,,,,,,,,,,,,,,,,,,
G1,Vp,Bs,Ss,Lp,Xp,,,,,,V,B,S,L,X,,,,,,p,s,s,p,p,,,,,
G2,Vp,Bs,Ns,Lp,Xp,,,,,,V,B,N,L,X,,,,,,p,s,s,p,p,,,,,
G3,Vp,Cs,Ks,Lp,Xp,,,,,,V,C,K,L,X,,,,,,p,s,s,p,p,,,,,
G4,Vp,Cs,Ks,Xp,,,,,,,V,C,K,X,,,,,,,p,s,s,p,,,,,,
G5,Vp,Hp,Lp,Xp,,,,,,,V,H,L,X,,,,,,,p,p,p,p,,,,,,
G6,,,,,,,,,,,,,,,,,,,,,,,,,,,,,,
G7,,,,,,,,,,,,,,,,,,,,,,,,,,,,,,
G8,,,,,,,,,,,,,,,,,,,,,,,,,,,,,,
H1,Vp,Ms,Ss,Lp,Xp,,,,,,V,M,S,L,X,,,,,,p,s,s,p,p,,,,,
H2,Vp,Js,Ss,Lp,Xp,,,,,,V,J,S,L,X,,,,,,p,s,s,p,p,,,,,
H3,Vp,Js,Ns,Kp,Xp,,,,,,V,J,N,K,X,,,,,,p,s,s,p,p,,,,,
H4,Vp,Cp,Hs,Xp,,,,,,,V,C,H,X,,,,,,,p,p,s,p,,,,,,
H5,Vp,Lp,Xp,,,,,,,,V,L,X,,,,,,,,p,p,p,,,,,,,
H6,,,,,,,,,,,,,,,,,,,,,,,,,,,,,,
H7,,,,,,,,,,,,,,,,,,,,,,,,,,,,,,
H8,,,,,,,,,,,,,,,,,,,,,,,,,,,,,,
J1,Ls,Ds,Bp,Ms,Vs,Xp,,,,,L,D,B,M,V,X,,,,,s,s,p,s,s,p,,,,
J2,Ls,Ds,Bp,Ms,Hs,Xp,,,,,L,D,B,M,H,X,,,,,s,s,p,s,s,p,,,,
J3,Ls,Cs,Bp,Ms,Hs,Xp,,,,,L,C,B,M,H,X,,,,,s,s,p,s,s,p,,,,
J4,Ls,Ms,Ks,Xp,,,,,,,L,M,K,X,,,,,,,s,s,s,p,,,,,,
J5,Ls,Ms,Hs,Xp,,,,,,,L,M,H,X,,,,,,,s,s,s,p,,,,,,
J6,,,,,,,,,,,,,,,,,,,,,,,,,,,,,,
J7,,,,,,,,,,,,,,,,,,,,,,,,,,,,,,
J8,,,,,,,,,,,,,,,,,,,,,,,,,,,,,,
K1,Kp,Cp,Lp,Mp,Dp,Ap,Xp,,,,K,C,L,M,D,A,X,,,,p,p,p,p,p,p,p,,,
K2,Jp,Ep,Ap,Xp,,,,,,,J,E,A,X,,,,,,,p,p,p,p,,,,,,
K3,Kp,Dp,Ap,Xp,,,,,,,K,D,A,X,,,,,,,p,p,p,p,,,,,,
K4,Kp,Cp,Ap,Xp,,,,,,,K,C,A,X,,,,,,,p,p,p,p,,,,,,
K5,Kp,Bp,Ap,Xp,,,,,,,K,B,A,X,,,,,,,p,p,p,p,,,,,,
K6,,,,,,,,,,,,,,,,,,,,,,,,,,,,,,
K7,,,,,,,,,,,,,,,,,,,,,,,,,,,,,,
K8,,,,,,,,,,,,,,,,,,,,,,,,,,,,,,
L1,Jp,Fp,Lp,Ms,Xp,,,,,,J,F,L,M,X,,,,,,p,p,p,s,p,,,,,
L2,Jp,Fp,Lp,Bs,Ap,Xp,,,,,J,F,L,B,A,X,,,,,p,p,p,s,p,p,,,,
L3,Jp,Fp,Lp,Bs,Xp,,,,,,J,F,L,B,X,,,,,,p,p,p,s,p,,,,,
L4,Jp,Lp,Ks,Xp,,,,,,,J,L,K,X,,,,,,,p,p,s,p,,,,,,
L5,Gp,Xp,,,,,,,,,G,X,,,,,,,,,p,p,,,,,,,,
L6,,,,,,,,,,,,,,,,,,,,,,,,,,,,,,
L7,,,,,,,,,,,,,,,,,,,,,,,,,,,,,,
L8,,,,,,,,,,,,,,,,,,,,,,,,,,,,,,
M1,As,Mp,Lp,Js,Xp,,,,,,A,M,L,J,X,,,,,,s,p,p,s,p,,,,,
M2,As,Mp,Lp,Ks,Xp,,,,,,A,M,L,K,X,,,,,,s,p,p,s,p,,,,,
M3,As,Cs,Js,Xp,,,,,,,A,C,J,X,,,,,,,s,s,s,p,,,,,,
M4,As,Bs,Js,Xp,,,,,,,A,B,J,X,,,,,,,s,s,s,p,,,,,,
M5,As,Bs,Ks,Xp,,,,,,,A,B,K,X,,,,,,,s,s,s,p,,,,,,
M6,,,,,,,,,,,,,,,,,,,,,,,,,,,,,,
M7,,,,,,,,,,,,,,,,,,,,,,,,,,,,,,
M8,,,,,,,,,,,,,,,,,,,,,,,,,,,,,,
N1,As,Jp,Lp,Ns,Xp,,,,,,A,J,L,N,X,,,,,,s,p,p,s,p,,,,,
N2,As,Jp,Lp,Ks,Xp,,,,,,A,J,L,K,X,,,,,,s,p,p,s,p,,,,,
N3,As,Jp,Lp,Xp,,,,,,,A,J,L,X,,,,,,,s,p,p,p,,,,,,
N4,As,Bs,Ns,Xp,,,,,,,A,B,N,X,,,,,,,s,s,s,p,,,,,,
N5,As,Bs,Hs,Xp,,,,,,,A,B,H,X,,,,,,,s,s,s,p,,,,,,
N6,,,,,,,,,,,,,,,,,,,,,,,,,,,,,,
N7,,,,,,,,,,,,,,,,,,,,,,,,,,,,,,
N8,,,,,,,,,,,,,,,,,,,,,,,,,,,,,,
P1,As,Jp,Cp,Ks,Ap,Xp,,,,,A,J,C,K,A,X,,,,,s,p,p,s,p,p,,,,
P2,As,Jp,Cp,Ks,Xp,,,,,,A,J,C,K,X,,,,,,s,p,p,s,p,,,,,
P3,As,Jp,Cp,Bs,Xp,,,,,,A,J,C,B,X,,,,,,s,p,p,s,p,,,,,
P4,As,Ks,Vs,Xp,,,,,,,A,K,V,X,,,,,,,s,s,s,p,,,,,,
P5,As,Vs,Xp,,,,,,,,A,V,X,,,,,,,,s,s,p,,,,,,,
P6,,,,,,,,,,,,,,,,,,,,,,,,,,,,,,
P7,,,,,,,,,,,,,,,,,,,,,,,,,,,,,,
P8,,,,,,,,,,,,,,,,,,,,,,,,,,,,,,
Q1,Ls,Np,Ds,Js,Cp,Xp,,,,,L,N,D,J,C,X,,,,,s,p,s,s,p,p,,,,
Q2,Ls,Np,Cp,Ap,Xp,,,,,,L,N,C,A,X,,,,,,s,p,p,p,p,,,,,
Q3,Ls,Ks,Vs,Bp,Xp,,,,,,L,K,V,B,X,,,,,,s,s,s,p,p,,,,,
Q4,Ls,Ks,Vs,Xp,,,,,,,L,K,V,X,,,,,,,s,s,s,p,,,,,,
Q5,Ls,Vs,Xp,,,,,,,,L,V,X,,,,,,,,s,s,p,,,,,,,
Q6,,,,,,,,,,,,,,,,,,,,,,,,,,,,,,
Q7,,,,,,,,,,,,,,,,,,,,,,,,,,,,,,
Q8,,,,,,,,,,,,,,,,,,,,,,,,,,,,,,
R1,Ls,Ks,Vs,Dp,Xp,,,,,,L,K,V,D,X,,,,,,s,s,s,p,p,,,,,
R2,Ls,Ks,Vs,Cp,Xp,,,,,,L,K,V,C,X,,,,,,s,s,s,p,p,,,,,
R3,Ls,Ks,Vs,Bp,Xp,,,,,,L,K,V,B,X,,,,,,s,s,s,p,p,,,,,
R4,Ls,Ks,Vs,Hp,Xp,,,,,,L,K,V,H,X,,,,,,s,s,s,p,p,,,,,
R5,Ls,Vs,Xp,,,,,,,,L,V,X,,,,,,,,s,s,p,,,,,,,
R6,,,,,,,,,,,,,,,,,,,,,,,,,,,,,,
R7,,,,,,,,,,,,,,,,,,,,,,,,,,,,,,
R8,,,,,,,,,,,,,,,,,,,,,,,,,,,,,,
